scale,dimension,generic_gpt35_alpha,generic_gpt4_alpha,silicon_gpt35_alpha,silicon_gpt4_alpha
BFI,Extraversion,0.5823273041247631,0.9085316139428941,0.5509512087879257,0.6945040745892875
BFI,Agreeableness,0.8522484297425504,0.8404148694435369,0.5374757567091895,0.716156565655037
BFI,Conscientiousness,0.798723498977262,0.8733730936427931,0.6981259819073389,0.837485964988433
BFI,Neuroticism,0.7227771974351703,0.754785147937989,0.5308199145307694,0.2363428228141132
BFI,Openness,0.7480604658846364,0.8919876220304854,0.4825308974357348,0.7593486419640135
PANAS,Positive,0.9491136742540236,0.9001427671904016,0.7945652616460798,0.7722558851041529
PANAS,Negative,0.902645303332475,0.8608671926497565,0.7951357982019657,0.5954373572083024
BPAQ,Physical,0.8006014599343583,0.8802705161209595,0.36760815086766674,0.4282872332294424
BPAQ,Verbal,0.6257972756997698,0.6965048304737698,0.33218061563452594,0.21107726808695867
BPAQ,Anger,0.813509664292981,0.8623126858705299,0.4181080141762768,0.5443932872711927
BPAQ,Hostility,0.7343149129796027,0.855075411980983,0.6262618979324773,0.6081747100927974
SSCS,Personal Identity,0.8983374247673235,0.8769041236099495,0.4572825234870989,0.5230223313559311
SSCS,Self-efficacy,0.8877358490566036,0.7994402798927861,0.1212587645459076,0.5518447293723101
